{"evaluationLog": "GT rectangles: 3\nDET rectangles: 0\nRecall = 0\nPrecision = 0\n", "precision": 0, "gtPolPoints": [[371.0, 200.0, 395.0, 230.0], [100.0, 243.0, 160.0, 294.0], [289.0, 223.0, 320.0, 255.0]], "precisionMat": [[-1.727233711018889e-77]], "evaluationParams": {"AREA_PRECISION_CONSTRAINT": 0.4, "GT_SAMPLE_NAME_2_ID": "gt_img_([0-9]+).txt", "DET_SAMPLE_NAME_2_ID": "res_img_([0-9]+).txt", "CRLF": false, "EV_PARAM_IND_CENTER_DIFF_THR": 1, "MTYPE_OM_M": 1.0, "AREA_RECALL_CONSTRAINT": 0.5, "MTYPE_OM_O": 0.8, "MTYPE_OO_O": 1.0}, "pairs": [], "hmean": 0, "detDontCare": [], "recall": 0, "detPolPoints": [], "recallMat": [[-1.727233711018889e-77]], "gtDontCare": []}