{"evaluationLog": "GT rectangles: 3\nDET rectangles: 1\nFind one-to-one matches\nMatch GT #0 with Det #0\nFind one-to-many matches\nFind many-to-one matches\nRecall = 0.333333333333\nPrecision = 1.0\n", "precision": 1.0, "gtPolPoints": [[379.0, 416.0, 413.0, 457.0], [466.0, 443.0, 481.0, 461.0], [514.0, 438.0, 531.0, 460.0]], "precisionMat": [[0.9302325581395349], [0.0], [0.0]], "evaluationParams": {"AREA_PRECISION_CONSTRAINT": 0.4, "GT_SAMPLE_NAME_2_ID": "gt_img_([0-9]+).txt", "DET_SAMPLE_NAME_2_ID": "res_img_([0-9]+).txt", "CRLF": false, "EV_PARAM_IND_CENTER_DIFF_THR": 1, "MTYPE_OM_M": 1.0, "AREA_RECALL_CONSTRAINT": 0.5, "MTYPE_OM_O": 0.8, "MTYPE_OO_O": 1.0}, "pairs": [{"type": "OO", "gt": 0, "det": 0}], "hmean": 0.5, "detDontCare": [], "recall": 0.3333333333333333, "detPolPoints": [[381.0, 413.0, 413.0, 455.0]], "recallMat": [[0.8979591836734694], [0.0], [0.0]], "gtDontCare": []}