{"evaluationLog": "GT rectangles: 5\nDET rectangles: 5\nFind one-to-one matches\nMatch GT #0 with Det #2\nMatch GT #1 with Det #4\nMatch GT #2 with Det #3\nMatch GT #3 with Det #0\nMatch GT #4 with Det #1\nFind one-to-many matches\nFind many-to-one matches\nRecall = 1.0\nPrecision = 1.0\n", "precision": 1.0, "gtPolPoints": [[149.0, 405.0, 185.0, 456.0], [206.0, 405.0, 242.0, 449.0], [273.0, 391.0, 308.0, 436.0], [335.0, 389.0, 363.0, 432.0], [393.0, 387.0, 423.0, 430.0]], "precisionMat": [[0.0, 0.0, 0.9041353383458647, 0.0, 0.0], [0.0, 0.0, 0.0, 0.0, 0.9722222222222222], [0.0, 0.0, 0.0, 0.9266304347826086, 0.0], [0.8936170212765957, 0.0, 0.0, 0.0, 0.0], [0.0, 0.9266304347826086, 0.0, 0.0, 0.0]], "evaluationParams": {"AREA_PRECISION_CONSTRAINT": 0.4, "GT_SAMPLE_NAME_2_ID": "gt_img_([0-9]+).txt", "DET_SAMPLE_NAME_2_ID": "res_img_([0-9]+).txt", "CRLF": false, "EV_PARAM_IND_CENTER_DIFF_THR": 1, "MTYPE_OM_M": 1.0, "AREA_RECALL_CONSTRAINT": 0.5, "MTYPE_OM_O": 0.8, "MTYPE_OO_O": 1.0}, "pairs": [{"type": "OO", "gt": 0, "det": 2}, {"type": "OO", "gt": 1, "det": 4}, {"type": "OO", "gt": 2, "det": 3}, {"type": "OO", "gt": 3, "det": 0}, {"type": "OO", "gt": 4, "det": 1}], "hmean": 1.0, "detDontCare": [], "recall": 1.0, "detPolPoints": [[335.0, 391.0, 363.0, 437.0], [393.0, 387.0, 424.0, 432.0], [149.0, 404.0, 186.0, 459.0], [272.0, 393.0, 303.0, 438.0], [205.0, 407.0, 240.0, 449.0]], "recallMat": [[0.0, 0.0, 1.0, 0.0, 0.0], [0.0, 0.0, 0.0, 0.0, 0.9039039039039038], [0.0, 0.0, 0.0, 0.8236714975845411, 0.0], [0.9545454545454546, 0.0, 0.0, 0.0, 0.0], [0.0, 1.0, 0.0, 0.0, 0.0]], "gtDontCare": []}