{"evaluationLog": "GT rectangles: 3\nDET rectangles: 3\nFind one-to-one matches\nMatch GT #0 with Det #2\nMatch GT #1 with Det #1\nMatch GT #2 with Det #0\nFind one-to-many matches\nFind many-to-one matches\nRecall = 1.0\nPrecision = 1.0\n", "precision": 1.0, "gtPolPoints": [[207.0, 460.0, 271.0, 558.0], [395.0, 462.0, 474.0, 567.0], [61.0, 473.0, 117.0, 552.0]], "precisionMat": [[0.0, 0.0, 0.99], [0.0, 0.9629629629629629, 0.0], [0.8755760368663594, 0.0, 0.0]], "evaluationParams": {"AREA_PRECISION_CONSTRAINT": 0.4, "GT_SAMPLE_NAME_2_ID": "gt_img_([0-9]+).txt", "DET_SAMPLE_NAME_2_ID": "res_img_([0-9]+).txt", "CRLF": false, "EV_PARAM_IND_CENTER_DIFF_THR": 1, "MTYPE_OM_M": 1.0, "AREA_RECALL_CONSTRAINT": 0.5, "MTYPE_OM_O": 0.8, "MTYPE_OO_O": 1.0}, "pairs": [{"type": "OO", "gt": 0, "det": 2}, {"type": "OO", "gt": 1, "det": 1}, {"type": "OO", "gt": 2, "det": 0}], "hmean": 1.0, "detDontCare": [], "recall": 1.0, "detPolPoints": [[59.0, 470.0, 120.0, 553.0], [397.0, 458.0, 472.0, 565.0], [210.0, 459.0, 270.0, 558.0]], "recallMat": [[0.0, 0.0, 0.9384615384615385], [0.0, 0.9320754716981132, 0.0], [1.0, 0.0, 0.0]], "gtDontCare": []}