{"evaluationLog": "GT rectangles: 2\nDET rectangles: 2\nFind one-to-one matches\nMatch GT #0 with Det #0\nMatch GT #1 with Det #1\nFind one-to-many matches\nFind many-to-one matches\nRecall = 1.0\nPrecision = 1.0\n", "precision": 1.0, "gtPolPoints": [[346.0, 252.0, 406.0, 361.0], [94.0, 269.0, 169.0, 371.0]], "precisionMat": [[0.9071929071929072, 0.0], [0.0, 0.9397777203411735]], "evaluationParams": {"AREA_PRECISION_CONSTRAINT": 0.4, "GT_SAMPLE_NAME_2_ID": "gt_img_([0-9]+).txt", "DET_SAMPLE_NAME_2_ID": "res_img_([0-9]+).txt", "CRLF": false, "EV_PARAM_IND_CENTER_DIFF_THR": 1, "MTYPE_OM_M": 1.0, "AREA_RECALL_CONSTRAINT": 0.5, "MTYPE_OM_O": 0.8, "MTYPE_OO_O": 1.0}, "pairs": [{"type": "OO", "gt": 0, "det": 0}, {"type": "OO", "gt": 1, "det": 1}], "hmean": 1.0, "detDontCare": [], "recall": 1.0, "detPolPoints": [[344.0, 258.0, 406.0, 368.0], [93.0, 271.0, 165.0, 376.0]], "recallMat": [[0.9454545454545454, 0.0], [0.0, 0.9289729177312213]], "gtDontCare": []}