{"evaluationLog": "GT rectangles: 2\nDET rectangles: 2\nFind one-to-one matches\nMatch GT #0 with Det #0\nMatch GT #1 with Det #1\nFind one-to-many matches\nFind many-to-one matches\nRecall = 1.0\nPrecision = 1.0\n", "precision": 1.0, "gtPolPoints": [[134.0, 46.0, 258.0, 225.0], [473.0, 64.0, 499.0, 99.0]], "precisionMat": [[0.9943820224719101, 0.0], [0.0, 0.6545454545454545]], "evaluationParams": {"AREA_PRECISION_CONSTRAINT": 0.4, "GT_SAMPLE_NAME_2_ID": "gt_img_([0-9]+).txt", "DET_SAMPLE_NAME_2_ID": "res_img_([0-9]+).txt", "CRLF": false, "EV_PARAM_IND_CENTER_DIFF_THR": 1, "MTYPE_OM_M": 1.0, "AREA_RECALL_CONSTRAINT": 0.5, "MTYPE_OM_O": 0.8, "MTYPE_OO_O": 1.0}, "pairs": [{"type": "OO", "gt": 0, "det": 0}, {"type": "OO", "gt": 1, "det": 1}], "hmean": 1.0, "detDontCare": [], "recall": 1.0, "detPolPoints": [[139.0, 49.0, 250.0, 226.0], [467.0, 62.0, 499.0, 106.0]], "recallMat": [[0.8810666666666667, 0.0], [0.0, 1.0]], "gtDontCare": []}