{"evaluationLog": "GT rectangles: 2\nDET rectangles: 2\nFind one-to-one matches\nMatch GT #0 with Det #0\nMatch GT #1 with Det #1\nFind one-to-many matches\nFind many-to-one matches\nRecall = 1.0\nPrecision = 1.0\n", "precision": 1.0, "gtPolPoints": [[12.0, 421.0, 101.0, 517.0], [296.0, 71.0, 382.0, 170.0]], "precisionMat": [[0.9238095238095239, 0.0], [0.0, 0.9767441860465116]], "evaluationParams": {"AREA_PRECISION_CONSTRAINT": 0.4, "GT_SAMPLE_NAME_2_ID": "gt_img_([0-9]+).txt", "DET_SAMPLE_NAME_2_ID": "res_img_([0-9]+).txt", "CRLF": false, "EV_PARAM_IND_CENTER_DIFF_THR": 1, "MTYPE_OM_M": 1.0, "AREA_RECALL_CONSTRAINT": 0.5, "MTYPE_OM_O": 0.8, "MTYPE_OO_O": 1.0}, "pairs": [{"type": "OO", "gt": 0, "det": 0}, {"type": "OO", "gt": 1, "det": 1}], "hmean": 1.0, "detDontCare": [], "recall": 1.0, "detPolPoints": [[16.0, 421.0, 96.0, 525.0], [294.0, 74.0, 379.0, 167.0]], "recallMat": [[0.9, 0.0], [0.0, 0.9075862068965517]], "gtDontCare": []}