{"evaluationLog": "GT rectangles: 3\nDET rectangles: 1\nFind one-to-one matches\nMatch GT #0 with Det #0\nFind one-to-many matches\nFind many-to-one matches\nRecall = 0.333333333333\nPrecision = 1.0\n", "precision": 1.0, "gtPolPoints": [[44.0, 244.0, 247.0, 446.0], [444.0, 367.0, 538.0, 447.0], [24.0, 395.0, 76.0, 466.0]], "precisionMat": [[0.9757281553398058], [0.0], [0.04288834951456311]], "evaluationParams": {"AREA_PRECISION_CONSTRAINT": 0.4, "GT_SAMPLE_NAME_2_ID": "gt_img_([0-9]+).txt", "DET_SAMPLE_NAME_2_ID": "res_img_([0-9]+).txt", "CRLF": false, "EV_PARAM_IND_CENTER_DIFF_THR": 1, "MTYPE_OM_M": 1.0, "AREA_RECALL_CONSTRAINT": 0.5, "MTYPE_OM_O": 0.8, "MTYPE_OO_O": 1.0}, "pairs": [{"type": "OO", "gt": 0, "det": 0}], "hmean": 0.5, "detDontCare": [], "recall": 0.3333333333333333, "detPolPoints": [[46.0, 246.0, 245.0, 451.0]], "recallMat": [[0.9707331208345407], [0.0], [0.4630503144654088]], "gtDontCare": []}