{"evaluationLog": "GT rectangles: 4\nDET rectangles: 4\nFind one-to-one matches\nMatch GT #0 with Det #3\nMatch GT #1 with Det #0\nMatch GT #2 with Det #2\nMatch GT #3 with Det #1\nFind one-to-many matches\nFind many-to-one matches\nRecall = 1.0\nPrecision = 1.0\n", "precision": 1.0, "gtPolPoints": [[125.0, 14.0, 136.0, 29.0], [186.0, 40.0, 201.0, 58.0], [20.0, 43.0, 33.0, 61.0], [71.0, 38.0, 84.0, 54.0]], "precisionMat": [[0.0, 0.0, 0.0, 0.8687782805429864], [0.9375, 0.0, 0.0, 0.0], [0.0, 0.0, 0.9333333333333333, 0.0], [0.0, 0.8814814814814815, 0.0, 0.0]], "evaluationParams": {"AREA_PRECISION_CONSTRAINT": 0.4, "GT_SAMPLE_NAME_2_ID": "gt_img_([0-9]+).txt", "DET_SAMPLE_NAME_2_ID": "res_img_([0-9]+).txt", "CRLF": false, "EV_PARAM_IND_CENTER_DIFF_THR": 1, "MTYPE_OM_M": 1.0, "AREA_RECALL_CONSTRAINT": 0.5, "MTYPE_OM_O": 0.8, "MTYPE_OO_O": 1.0}, "pairs": [{"type": "OO", "gt": 0, "det": 3}, {"type": "OO", "gt": 1, "det": 0}, {"type": "OO", "gt": 2, "det": 2}, {"type": "OO", "gt": 3, "det": 1}], "hmean": 1.0, "detDontCare": [], "recall": 1.0, "detPolPoints": [[187.0, 40.0, 202.0, 58.0], [71.0, 38.0, 85.0, 55.0], [19.0, 45.0, 33.0, 61.0], [125.0, 13.0, 137.0, 29.0]], "recallMat": [[0.0, 0.0, 0.0, 1.0], [0.9375, 0.0, 0.0, 0.0], [0.0, 0.0, 0.8947368421052632, 0.0], [0.0, 1.0, 0.0, 0.0]], "gtDontCare": []}