{"evaluationLog": "GT rectangles: 3\nDET rectangles: 2\nFind one-to-one matches\nMatch GT #0 with Det #1\nMatch GT #1 with Det #0\nFind one-to-many matches\nFind many-to-one matches\nRecall = 0.666666666667\nPrecision = 1.0\n", "precision": 1.0, "gtPolPoints": [[105.0, 115.0, 146.0, 174.0], [216.0, 110.0, 261.0, 177.0], [450.0, 152.0, 475.0, 182.0]], "precisionMat": [[0.0, 0.8356326369728025], [0.9641155922515084, 0.0], [0.0, 0.0]], "evaluationParams": {"AREA_PRECISION_CONSTRAINT": 0.4, "GT_SAMPLE_NAME_2_ID": "gt_img_([0-9]+).txt", "DET_SAMPLE_NAME_2_ID": "res_img_([0-9]+).txt", "CRLF": false, "EV_PARAM_IND_CENTER_DIFF_THR": 1, "MTYPE_OM_M": 1.0, "AREA_RECALL_CONSTRAINT": 0.5, "MTYPE_OM_O": 0.8, "MTYPE_OO_O": 1.0}, "pairs": [{"type": "OO", "gt": 0, "det": 1}, {"type": "OO", "gt": 1, "det": 0}], "hmean": 0.8, "detDontCare": [], "recall": 0.6666666666666666, "detPolPoints": [[215.0, 109.0, 261.0, 175.0], [102.0, 122.0, 144.0, 180.0]], "recallMat": [[0.0, 0.8412698412698413], [0.9705882352941176, 0.0], [0.0, 0.0]], "gtDontCare": []}