{"evaluationLog": "GT rectangles: 8\nDET rectangles: 4\nFind one-to-one matches\nMatch GT #1 with Det #1\nMatch GT #3 with Det #2\nMatch GT #4 with Det #3\nMatch GT #6 with Det #0\nFind one-to-many matches\nFind many-to-one matches\nRecall = 0.5\nPrecision = 1.0\n", "precision": 1.0, "gtPolPoints": [[148.0, 275.0, 176.0, 313.0], [229.0, 278.0, 340.0, 408.0], [34.0, 261.0, 78.0, 324.0], [386.0, 267.0, 466.0, 365.0], [504.0, 305.0, 522.0, 328.0], [534.0, 290.0, 547.0, 315.0], [66.0, 292.0, 121.0, 358.0], [188.0, 295.0, 201.0, 314.0]], "precisionMat": [[0.0, 0.0, 0.0, 0.0], [0.0, 0.9734709480122324, 0.0, 0.0], [0.08671328671328671, 0.0, 0.0, 0.0], [0.0, 0.0, 1.0, 0.0], [0.0, 0.0, 0.0, 0.7669172932330827], [0.0, 0.0, 0.0, 0.0], [0.9636363636363636, 0.0, 0.0, 0.0], [0.0, 0.0, 0.0, 0.0]], "evaluationParams": {"AREA_PRECISION_CONSTRAINT": 0.4, "GT_SAMPLE_NAME_2_ID": "gt_img_([0-9]+).txt", "DET_SAMPLE_NAME_2_ID": "res_img_([0-9]+).txt", "CRLF": false, "EV_PARAM_IND_CENTER_DIFF_THR": 1, "MTYPE_OM_M": 1.0, "AREA_RECALL_CONSTRAINT": 0.5, "MTYPE_OM_O": 0.8, "MTYPE_OO_O": 1.0}, "pairs": [{"type": "OO", "gt": 1, "det": 1}, {"type": "OO", "gt": 3, "det": 2}, {"type": "OO", "gt": 4, "det": 3}, {"type": "OO", "gt": 6, "det": 0}], "hmean": 0.6666666666666666, "detDontCare": [], "recall": 0.5, "detPolPoints": [[69.0, 294.0, 123.0, 358.0], [227.0, 290.0, 335.0, 409.0], [387.0, 269.0, 466.0, 365.0], [506.0, 303.0, 524.0, 330.0]], "recallMat": [[0.0, 0.0, 0.0, 0.0], [0.0, 0.8678435114503816, 0.0, 0.0], [0.1076388888888889, 0.0, 0.0, 0.0], [0.0, 0.0, 0.9677017084424492, 0.0], [0.0, 0.0, 0.0, 0.8947368421052632], [0.0, 0.0, 0.0, 0.0], [0.9181769722814499, 0.0, 0.0, 0.0], [0.0, 0.0, 0.0, 0.0]], "gtDontCare": []}