{"evaluationLog": "GT rectangles: 17\nDET rectangles: 5\nFind one-to-one matches\nMatch GT #0 with Det #0\nMatch GT #1 with Det #3\nMatch GT #2 with Det #2\nMatch GT #3 with Det #1\nMatch GT #5 with Det #4\nFind one-to-many matches\nFind many-to-one matches\nRecall = 0.294117647059\nPrecision = 1.0\n", "precision": 1.0, "gtPolPoints": [[44.0, 124.0, 99.0, 180.0], [110.0, 70.0, 140.0, 106.0], [220.0, 43.0, 238.0, 89.0], [29.0, 93.0, 51.0, 115.0], [86.0, 55.0, 110.0, 77.0], [0.0, 101.0, 19.0, 128.0], [56.0, 62.0, 76.0, 84.0], [129.0, 39.0, 146.0, 55.0], [148.0, 35.0, 160.0, 48.0], [52.0, 38.0, 68.0, 53.0], [16.0, 86.0, 29.0, 107.0], [0.0, 62.0, 10.0, 79.0], [45.0, 50.0, 57.0, 64.0], [111.0, 45.0, 130.0, 66.0], [93.0, 33.0, 101.0, 42.0], [207.0, 17.0, 215.0, 27.0], [208.0, 55.0, 227.0, 84.0]], "precisionMat": [[0.9636363636363636, 0.0, 0.0, 0.0, 0.0], [0.0, 0.0, 0.0, 1.0, 0.0], [0.0, 0.0, 0.7868686868686868, 0.0, 0.0], [0.0, 0.8333333333333334, 0.0, 0.0, 0.0], [0.0, 0.0, 0.0, 0.0, 0.0], [0.0, 0.0, 0.0, 0.0, 0.8928571428571429], [0.0, 0.0, 0.0, 0.0, 0.0], [0.0, 0.0, 0.0, 0.0, 0.0], [0.0, 0.0, 0.0, 0.0, 0.0], [0.0, 0.0, 0.0, 0.0, 0.0], [0.0, 0.0, 0.0, 0.0, 0.022321428571428572], [0.0, 0.0, 0.0, 0.0, 0.0], [0.0, 0.0, 0.0, 0.0, 0.0], [0.0, 0.0, 0.0, 0.0, 0.0], [0.0, 0.0, 0.0, 0.0, 0.0], [0.0, 0.0, 0.0, 0.0, 0.0], [0.0, 0.0, 0.2636363636363636, 0.0, 0.0]], "evaluationParams": {"AREA_PRECISION_CONSTRAINT": 0.4, "GT_SAMPLE_NAME_2_ID": "gt_img_([0-9]+).txt", "DET_SAMPLE_NAME_2_ID": "res_img_([0-9]+).txt", "CRLF": false, "EV_PARAM_IND_CENTER_DIFF_THR": 1, "MTYPE_OM_M": 1.0, "AREA_RECALL_CONSTRAINT": 0.5, "MTYPE_OM_O": 0.8, "MTYPE_OO_O": 1.0}, "pairs": [{"type": "OO", "gt": 0, "det": 0}, {"type": "OO", "gt": 1, "det": 3}, {"type": "OO", "gt": 2, "det": 2}, {"type": "OO", "gt": 3, "det": 1}, {"type": "OO", "gt": 5, "det": 4}], "hmean": 0.45454545454545453, "detDontCare": [], "recall": 0.29411764705882354, "detPolPoints": [[47.0, 122.0, 95.0, 176.0], [30.0, 89.0, 49.0, 112.0], [219.0, 39.0, 240.0, 83.0], [111.0, 72.0, 135.0, 104.0], [1.0, 98.0, 16.0, 125.0]], "recallMat": [[0.8135964912280702, 0.0, 0.0, 0.0, 0.0], [0.0, 0.0, 0.0, 0.7192676547515258, 0.0], [0.0, 0.0, 0.8723404255319149, 0.0, 0.0], [0.0, 0.7561436672967864, 0.0, 0.0, 0.0], [0.0, 0.0, 0.0, 0.0, 0.0], [0.0, 0.0, 0.0, 0.0, 0.7142857142857143], [0.0, 0.0, 0.0, 0.0, 0.0], [0.0, 0.0, 0.0, 0.0, 0.0], [0.0, 0.0, 0.0, 0.0, 0.0], [0.0, 0.0, 0.0, 0.0, 0.0], [0.0, 0.0, 0.0, 0.0, 0.032467532467532464], [0.0, 0.0, 0.0, 0.0, 0.0], [0.0, 0.0, 0.0, 0.0, 0.0], [0.0, 0.0, 0.0, 0.0, 0.0], [0.0, 0.0, 0.0, 0.0, 0.0], [0.0, 0.0, 0.0, 0.0, 0.0], [0.0, 0.0, 0.435, 0.0, 0.0]], "gtDontCare": []}