{"evaluationLog": "GT rectangles: 6\nDET rectangles: 5\nFind one-to-one matches\nMatch GT #0 with Det #3\nMatch GT #1 with Det #1\nMatch GT #2 with Det #0\nMatch GT #3 with Det #4\nMatch GT #4 with Det #2\nFind one-to-many matches\nFind many-to-one matches\nRecall = 0.833333333333\nPrecision = 1.0\n", "precision": 1.0, "gtPolPoints": [[119.0, 42.0, 133.0, 58.0], [158.0, 47.0, 210.0, 100.0], [230.0, 35.0, 263.0, 77.0], [282.0, 51.0, 289.0, 61.0], [60.0, 47.0, 84.0, 75.0], [85.0, 40.0, 98.0, 60.0]], "precisionMat": [[0.0, 0.0, 0.0, 0.7555555555555555, 0.0], [0.0, 1.0, 0.0, 0.0, 0.0], [0.9444444444444444, 0.0, 0.0, 0.0, 0.0], [0.0, 0.0, 0.0, 0.0, 0.6837606837606838], [0.0, 0.0, 0.90625, 0.0, 0.0], [0.0, 0.0, 0.0, 0.0, 0.0]], "evaluationParams": {"AREA_PRECISION_CONSTRAINT": 0.4, "GT_SAMPLE_NAME_2_ID": "gt_img_([0-9]+).txt", "DET_SAMPLE_NAME_2_ID": "res_img_([0-9]+).txt", "CRLF": false, "EV_PARAM_IND_CENTER_DIFF_THR": 1, "MTYPE_OM_M": 1.0, "AREA_RECALL_CONSTRAINT": 0.5, "MTYPE_OM_O": 0.8, "MTYPE_OO_O": 1.0}, "pairs": [{"type": "OO", "gt": 0, "det": 3}, {"type": "OO", "gt": 1, "det": 1}, {"type": "OO", "gt": 2, "det": 0}, {"type": "OO", "gt": 3, "det": 4}, {"type": "OO", "gt": 4, "det": 2}], "hmean": 0.9090909090909091, "detDontCare": [], "recall": 0.8333333333333334, "detPolPoints": [[229.0, 36.0, 264.0, 77.0], [162.0, 50.0, 208.0, 99.0], [61.0, 44.0, 84.0, 75.0], [120.0, 39.0, 134.0, 59.0], [282.0, 52.0, 290.0, 64.0]], "recallMat": [[0.0, 0.0, 0.0, 0.9333333333333333, 0.0], [0.0, 0.8211041229909154, 0.0, 0.0, 0.0], [0.9767441860465116, 0.0, 0.0, 0.0, 0.0], [0.0, 0.0, 0.0, 0.0, 0.9090909090909091], [0.0, 0.0, 0.96, 0.0, 0.0], [0.0, 0.0, 0.0, 0.0, 0.0]], "gtDontCare": []}