{"evaluationLog": "GT rectangles: 2\nDET rectangles: 1\nFind one-to-one matches\nMatch GT #0 with Det #0\nFind one-to-many matches\nFind many-to-one matches\nRecall = 0.5\nPrecision = 1.0\n", "precision": 1.0, "gtPolPoints": [[284.0, 188.0, 338.0, 281.0], [396.0, 166.0, 446.0, 241.0]], "precisionMat": [[0.9764705882352941], [0.0]], "evaluationParams": {"AREA_PRECISION_CONSTRAINT": 0.4, "GT_SAMPLE_NAME_2_ID": "gt_img_([0-9]+).txt", "DET_SAMPLE_NAME_2_ID": "res_img_([0-9]+).txt", "CRLF": false, "EV_PARAM_IND_CENTER_DIFF_THR": 1, "MTYPE_OM_M": 1.0, "AREA_RECALL_CONSTRAINT": 0.5, "MTYPE_OM_O": 0.8, "MTYPE_OO_O": 1.0}, "pairs": [{"type": "OO", "gt": 0, "det": 0}], "hmean": 0.6666666666666666, "detDontCare": [], "recall": 0.5, "detPolPoints": [[285.0, 199.0, 335.0, 283.0]], "recallMat": [[0.8187620889748549], [0.0]], "gtDontCare": []}