{"evaluationLog": "GT rectangles: 3\nDET rectangles: 1\nFind one-to-one matches\nMatch GT #0 with Det #0\nFind one-to-many matches\nFind many-to-one matches\nRecall = 0.333333333333\nPrecision = 1.0\n", "precision": 1.0, "gtPolPoints": [[371.0, 200.0, 395.0, 230.0], [100.0, 243.0, 160.0, 294.0], [289.0, 223.0, 320.0, 255.0]], "precisionMat": [[0.96875], [0.0], [0.0]], "evaluationParams": {"AREA_PRECISION_CONSTRAINT": 0.4, "GT_SAMPLE_NAME_2_ID": "gt_img_([0-9]+).txt", "DET_SAMPLE_NAME_2_ID": "res_img_([0-9]+).txt", "CRLF": false, "EV_PARAM_IND_CENTER_DIFF_THR": 1, "MTYPE_OM_M": 1.0, "AREA_RECALL_CONSTRAINT": 0.5, "MTYPE_OM_O": 0.8, "MTYPE_OO_O": 1.0}, "pairs": [{"type": "OO", "gt": 0, "det": 0}], "hmean": 0.5, "detDontCare": [], "recall": 0.3333333333333333, "detPolPoints": [[372.0, 200.0, 392.0, 231.0]], "recallMat": [[0.84], [0.0], [0.0]], "gtDontCare": []}