{"evaluationLog": "GT rectangles: 4\nDET rectangles: 2\nFind one-to-one matches\nMatch GT #0 with Det #0\nMatch GT #1 with Det #1\nFind one-to-many matches\nFind many-to-one matches\nRecall = 0.5\nPrecision = 1.0\n", "precision": 1.0, "gtPolPoints": [[307.0, 423.0, 363.0, 486.0], [442.0, 448.0, 484.0, 498.0], [130.0, 265.0, 161.0, 287.0], [211.0, 270.0, 241.0, 298.0]], "precisionMat": [[0.9331797235023042, 0.0], [0.0, 0.7876643073811931], [0.0, 0.0], [0.0, 0.0]], "evaluationParams": {"AREA_PRECISION_CONSTRAINT": 0.4, "GT_SAMPLE_NAME_2_ID": "gt_img_([0-9]+).txt", "DET_SAMPLE_NAME_2_ID": "res_img_([0-9]+).txt", "CRLF": false, "EV_PARAM_IND_CENTER_DIFF_THR": 1, "MTYPE_OM_M": 1.0, "AREA_RECALL_CONSTRAINT": 0.5, "MTYPE_OM_O": 0.8, "MTYPE_OO_O": 1.0}, "pairs": [{"type": "OO", "gt": 0, "det": 0}, {"type": "OO", "gt": 1, "det": 1}], "hmean": 0.6666666666666666, "detDontCare": [], "recall": 0.5, "detPolPoints": [[305.0, 421.0, 360.0, 482.0], [444.0, 440.0, 486.0, 485.0]], "recallMat": [[0.8881578947368421, 0.0], [0.0, 0.7104423164614683], [0.0, 0.0], [0.0, 0.0]], "gtDontCare": []}