{"evaluationLog": "GT rectangles: 6\nDET rectangles: 5\nFind one-to-one matches\nMatch GT #0 with Det #4\nMatch GT #1 with Det #0\nMatch GT #3 with Det #2\nMatch GT #5 with Det #3\nFind one-to-many matches\nFind many-to-one matches\nRecall = 0.666666666667\nPrecision = 0.8\n", "precision": 0.8, "gtPolPoints": [[1.0, 477.0, 33.0, 531.0], [104.0, 410.0, 190.0, 523.0], [196.0, 493.0, 214.0, 523.0], [223.0, 486.0, 257.0, 546.0], [295.0, 465.0, 345.0, 562.0], [434.0, 504.0, 493.0, 577.0]], "precisionMat": [[0.0, 0.0, 0.0, 0.0, 0.872502937720329], [0.9099706744868035, 0.0, 0.0, 0.0, 0.0], [0.0, 0.0, 0.0, 0.0, 0.0], [0.0, 0.0, 0.7485928705440901, 0.0, 0.0], [0.0, 0.33770076077768385, 0.0, 0.0, 0.0], [0.0, 0.0, 0.0, 0.9278996865203761, 0.0]], "evaluationParams": {"AREA_PRECISION_CONSTRAINT": 0.4, "GT_SAMPLE_NAME_2_ID": "gt_img_([0-9]+).txt", "DET_SAMPLE_NAME_2_ID": "res_img_([0-9]+).txt", "CRLF": false, "EV_PARAM_IND_CENTER_DIFF_THR": 1, "MTYPE_OM_M": 1.0, "AREA_RECALL_CONSTRAINT": 0.5, "MTYPE_OM_O": 0.8, "MTYPE_OO_O": 1.0}, "pairs": [{"type": "OO", "gt": 0, "det": 4}, {"type": "OO", "gt": 1, "det": 0}, {"type": "OO", "gt": 3, "det": 2}, {"type": "OO", "gt": 5, "det": 3}], "hmean": 0.7272727272727272, "detDontCare": [], "recall": 0.6666666666666666, "detPolPoints": [[101.0, 407.0, 193.0, 516.0], [299.0, 459.0, 428.0, 549.0], [221.0, 490.0, 261.0, 554.0], [438.0, 503.0, 495.0, 579.0], [0.0, 476.0, 36.0, 521.0]], "recallMat": [[0.0, 0.0, 0.0, 0.0, 0.8181818181818182], [0.9385964912280702, 0.0, 0.0, 0.0, 0.0], [0.0, 0.0, 0.0, 0.0, 0.0], [0.0, 0.0, 0.9344262295081968, 0.0, 0.0], [0.0, 0.7993197278911565, 0.0, 0.0, 0.0], [0.0, 0.0, 0.0, 0.9333333333333333, 0.0]], "gtDontCare": []}