{"evaluationLog": "GT rectangles: 16\nDET rectangles: 4\nFind one-to-one matches\nMatch GT #2 with Det #2\nMatch GT #7 with Det #0\nMatch GT #12 with Det #3\nFind one-to-many matches\nMatch GT #3 with Det #[1]\nFind many-to-one matches\nRecall = 0.2375\nPrecision = 0.95\n", "precision": 0.95, "gtPolPoints": [[1.0, 325.0, 12.0, 342.0], [107.0, 326.0, 117.0, 339.0], [128.0, 327.0, 150.0, 354.0], [14.0, 325.0, 37.0, 351.0], [168.0, 331.0, 178.0, 342.0], [188.0, 334.0, 203.0, 350.0], [27.0, 331.0, 43.0, 351.0], [284.0, 322.0, 309.0, 349.0], [389.0, 341.0, 400.0, 353.0], [39.0, 335.0, 50.0, 350.0], [423.0, 329.0, 435.0, 343.0], [444.0, 327.0, 460.0, 348.0], [450.0, 330.0, 472.0, 357.0], [369.0, 335.0, 383.0, 351.0], [503.0, 337.0, 521.0, 356.0], [80.0, 336.0, 100.0, 355.0]], "precisionMat": [[0.0, 0.0, 0.0, 0.0], [0.0, 0.0, 0.0, 0.0], [0.0, 0.0, 0.92, 0.0], [0.0, 1.0, 0.0, 0.0], [0.0, 0.0, 0.0, 0.0], [0.0, 0.0, 0.0, 0.0], [0.0, 0.4166666666666667, 0.0, 0.0], [0.9615384615384616, 0.0, 0.0, 0.0], [0.0, 0.0, 0.0, 0.0], [0.0, 0.0, 0.0, 0.0], [0.0, 0.0, 0.0, 0.0], [0.0, 0.0, 0.0, 0.2571428571428571], [0.0, 0.0, 0.0, 0.7885714285714286], [0.0, 0.0, 0.0, 0.0], [0.0, 0.0, 0.0, 0.0], [0.0, 0.0, 0.0, 0.0]], "evaluationParams": {"AREA_PRECISION_CONSTRAINT": 0.4, "GT_SAMPLE_NAME_2_ID": "gt_img_([0-9]+).txt", "DET_SAMPLE_NAME_2_ID": "res_img_([0-9]+).txt", "CRLF": false, "EV_PARAM_IND_CENTER_DIFF_THR": 1, "MTYPE_OM_M": 1.0, "AREA_RECALL_CONSTRAINT": 0.5, "MTYPE_OM_O": 0.8, "MTYPE_OO_O": 1.0}, "pairs": [{"type": "OO", "gt": 2, "det": 2}, {"type": "OO", "gt": 7, "det": 0}, {"type": "OO", "gt": 12, "det": 3}, {"type": "OM", "gt": 3, "det": [1]}], "hmean": 0.38, "detDontCare": [], "recall": 0.2375, "detPolPoints": [[285.0, 324.0, 310.0, 349.0], [16.0, 328.0, 36.0, 351.0], [127.0, 328.0, 151.0, 354.0], [449.0, 334.0, 473.0, 361.0]], "recallMat": [[0.0, 0.0, 0.0, 0.0], [0.0, 0.0, 0.0, 0.0], [0.0, 0.0, 0.9642857142857143, 0.0], [0.0, 0.7777777777777778, 0.0, 0.0], [0.0, 0.0, 0.0, 0.0], [0.0, 0.0, 0.0, 0.0], [0.0, 0.5882352941176471, 0.0, 0.0], [0.8928571428571429, 0.0, 0.0, 0.0], [0.0, 0.0, 0.0, 0.0], [0.0, 0.0, 0.0, 0.0], [0.0, 0.0, 0.0, 0.0], [0.0, 0.0, 0.0, 0.48128342245989303], [0.0, 0.0, 0.0, 0.8571428571428571], [0.0, 0.0, 0.0, 0.0], [0.0, 0.0, 0.0, 0.0], [0.0, 0.0, 0.0, 0.0]], "gtDontCare": []}