{"evaluationLog": "GT rectangles: 2\nDET rectangles: 2\nFind one-to-one matches\nMatch GT #0 with Det #1\nMatch GT #1 with Det #0\nFind one-to-many matches\nFind many-to-one matches\nRecall = 1.0\nPrecision = 1.0\n", "precision": 1.0, "gtPolPoints": [[311.0, 192.0, 368.0, 271.0], [89.0, 254.0, 170.0, 321.0]], "precisionMat": [[0.0, 1.0], [0.8843537414965986, 0.0]], "evaluationParams": {"AREA_PRECISION_CONSTRAINT": 0.4, "GT_SAMPLE_NAME_2_ID": "gt_img_([0-9]+).txt", "DET_SAMPLE_NAME_2_ID": "res_img_([0-9]+).txt", "CRLF": false, "EV_PARAM_IND_CENTER_DIFF_THR": 1, "MTYPE_OM_M": 1.0, "AREA_RECALL_CONSTRAINT": 0.5, "MTYPE_OM_O": 0.8, "MTYPE_OO_O": 1.0}, "pairs": [{"type": "OO", "gt": 0, "det": 1}, {"type": "OO", "gt": 1, "det": 0}], "hmean": 1.0, "detDontCare": [], "recall": 1.0, "detPolPoints": [[85.0, 257.0, 168.0, 326.0], [316.0, 195.0, 356.0, 267.0]], "recallMat": [[0.0, 0.6450431034482759], [0.9325681492109039, 0.0]], "gtDontCare": []}