{"evaluationLog": "GT rectangles: 2\nDET rectangles: 3\nFind one-to-one matches\nMatch GT #0 with Det #0\nMatch GT #1 with Det #1\nFind one-to-many matches\nFind many-to-one matches\nRecall = 1.0\nPrecision = 0.666666666667\n", "precision": 0.6666666666666666, "gtPolPoints": [[356.0, 256.0, 425.0, 370.0], [94.0, 287.0, 169.0, 382.0]], "precisionMat": [[0.8210526315789474, 0.0, 0.0], [0.0, 1.0, 0.25]], "evaluationParams": {"AREA_PRECISION_CONSTRAINT": 0.4, "GT_SAMPLE_NAME_2_ID": "gt_img_([0-9]+).txt", "DET_SAMPLE_NAME_2_ID": "res_img_([0-9]+).txt", "CRLF": false, "EV_PARAM_IND_CENTER_DIFF_THR": 1, "MTYPE_OM_M": 1.0, "AREA_RECALL_CONSTRAINT": 0.5, "MTYPE_OM_O": 0.8, "MTYPE_OO_O": 1.0}, "pairs": [{"type": "OO", "gt": 0, "det": 0}, {"type": "OO", "gt": 1, "det": 1}], "hmean": 0.8, "detDontCare": [], "recall": 1.0, "detPolPoints": [[345.0, 275.0, 420.0, 374.0], [103.0, 294.0, 169.0, 381.0], [76.0, 333.0, 99.0, 375.0]], "recallMat": [[0.7751552795031056, 0.0, 0.0], [0.0, 0.8081140350877193, 0.03536184210526316]], "gtDontCare": []}