{"evaluationLog": "GT rectangles: 2\nDET rectangles: 3\nFind one-to-one matches\nMatch GT #0 with Det #0\nMatch GT #1 with Det #1\nFind one-to-many matches\nFind many-to-one matches\nRecall = 1.0\nPrecision = 0.666666666667\n", "precision": 0.6666666666666666, "gtPolPoints": [[129.0, 259.0, 188.0, 335.0], [470.0, 225.0, 517.0, 283.0]], "precisionMat": [[1.0, 0.0, 0.0], [0.0, 0.7896296296296297, 0.0]], "evaluationParams": {"AREA_PRECISION_CONSTRAINT": 0.4, "GT_SAMPLE_NAME_2_ID": "gt_img_([0-9]+).txt", "DET_SAMPLE_NAME_2_ID": "res_img_([0-9]+).txt", "CRLF": false, "EV_PARAM_IND_CENTER_DIFF_THR": 1, "MTYPE_OM_M": 1.0, "AREA_RECALL_CONSTRAINT": 0.5, "MTYPE_OM_O": 0.8, "MTYPE_OO_O": 1.0}, "pairs": [{"type": "OO", "gt": 0, "det": 0}, {"type": "OO", "gt": 1, "det": 1}], "hmean": 0.8, "detDontCare": [], "recall": 1.0, "detPolPoints": [[130.0, 260.0, 184.0, 334.0], [477.0, 232.0, 521.0, 291.0], [472.0, 307.0, 540.0, 399.0]], "recallMat": [[0.8928571428571429, 0.0, 0.0], [0.0, 0.7528248587570622, 0.0]], "gtDontCare": []}