{"evaluationLog": "GT rectangles: 7\nDET rectangles: 6\nFind one-to-one matches\nMatch GT #0 with Det #1\nMatch GT #2 with Det #0\nMatch GT #4 with Det #3\nMatch GT #5 with Det #2\nMatch GT #6 with Det #4\nFind one-to-many matches\nFind many-to-one matches\nRecall = 0.714285714286\nPrecision = 0.833333333333\n", "precision": 0.8333333333333334, "gtPolPoints": [[0.0, 8.0, 51.0, 84.0], [127.0, 51.0, 167.0, 107.0], [163.0, 298.0, 241.0, 398.0], [197.0, 53.0, 211.0, 72.0], [214.0, 62.0, 256.0, 122.0], [306.0, 79.0, 346.0, 141.0], [390.0, 105.0, 423.0, 158.0]], "precisionMat": [[0.0, 0.8809523809523809, 0.0, 0.0, 0.0, 0.0], [0.0, 0.0, 0.0, 0.0, 0.0, 0.0], [0.9356962025316455, 0.0, 0.0, 0.0, 0.0, 0.0], [0.0, 0.0, 0.0, 0.0, 0.0, 0.0], [0.0, 0.0, 0.0, 0.9767441860465116, 0.0, 0.0], [0.0, 0.0, 0.8915384615384615, 0.0, 0.0, 0.2631578947368421], [0.0, 0.0, 0.0, 0.0, 0.9705882352941176, 0.0]], "evaluationParams": {"AREA_PRECISION_CONSTRAINT": 0.4, "GT_SAMPLE_NAME_2_ID": "gt_img_([0-9]+).txt", "DET_SAMPLE_NAME_2_ID": "res_img_([0-9]+).txt", "CRLF": false, "EV_PARAM_IND_CENTER_DIFF_THR": 1, "MTYPE_OM_M": 1.0, "AREA_RECALL_CONSTRAINT": 0.5, "MTYPE_OM_O": 0.8, "MTYPE_OO_O": 1.0}, "pairs": [{"type": "OO", "gt": 0, "det": 1}, {"type": "OO", "gt": 2, "det": 0}, {"type": "OO", "gt": 4, "det": 3}, {"type": "OO", "gt": 5, "det": 2}, {"type": "OO", "gt": 6, "det": 4}], "hmean": 0.7692307692307692, "detDontCare": [], "recall": 0.7142857142857143, "detPolPoints": [[161.0, 303.0, 239.0, 402.0], [1.0, 11.0, 51.0, 94.0], [304.0, 81.0, 343.0, 145.0], [213.0, 64.0, 255.0, 122.0], [389.0, 105.0, 422.0, 157.0], [317.0, 51.0, 341.0, 88.0]], "recallMat": [[0.0, 0.9425574425574426, 0.0, 0.0, 0.0, 0.0], [0.0, 0.0, 0.0, 0.0, 0.0, 0.0], [0.9264318836946985, 0.0, 0.0, 0.0, 0.0, 0.0], [0.0, 0.0, 0.0, 0.0, 0.0, 0.0], [0.0, 0.0, 0.0, 0.944719786504003, 0.0, 0.0], [0.0, 0.0, 0.8974061169183121, 0.0, 0.0, 0.09678668215253582], [0.0, 0.0, 0.0, 0.0, 0.9526143790849673, 0.0]], "gtDontCare": []}