{"evaluationLog": "GT rectangles: 1\nDET rectangles: 1\nFind one-to-one matches\nMatch GT #0 with Det #0\nFind one-to-many matches\nFind many-to-one matches\nRecall = 1.0\nPrecision = 1.0\n", "precision": 1.0, "gtPolPoints": [[16.0, 58.0, 53.0, 111.0]], "precisionMat": [[0.9473684210526315]], "evaluationParams": {"AREA_PRECISION_CONSTRAINT": 0.4, "GT_SAMPLE_NAME_2_ID": "gt_img_([0-9]+).txt", "DET_SAMPLE_NAME_2_ID": "res_img_([0-9]+).txt", "CRLF": false, "EV_PARAM_IND_CENTER_DIFF_THR": 1, "MTYPE_OM_M": 1.0, "AREA_RECALL_CONSTRAINT": 0.5, "MTYPE_OM_O": 0.8, "MTYPE_OO_O": 1.0}, "pairs": [{"type": "OO", "gt": 0, "det": 0}], "hmean": 1.0, "detDontCare": [], "recall": 1.0, "detPolPoints": [[17.0, 56.0, 53.0, 112.0]], "recallMat": [[0.9736842105263158]], "gtDontCare": []}