{"evaluationLog": "GT rectangles: 1\nDET rectangles: 0\nRecall = 0\nPrecision = 0\n", "precision": 0, "gtPolPoints": [[87.0, 256.0, 168.0, 308.0]], "precisionMat": [[-1.727233711018889e-77]], "evaluationParams": {"AREA_PRECISION_CONSTRAINT": 0.4, "GT_SAMPLE_NAME_2_ID": "gt_img_([0-9]+).txt", "DET_SAMPLE_NAME_2_ID": "res_img_([0-9]+).txt", "CRLF": false, "EV_PARAM_IND_CENTER_DIFF_THR": 1, "MTYPE_OM_M": 1.0, "AREA_RECALL_CONSTRAINT": 0.5, "MTYPE_OM_O": 0.8, "MTYPE_OO_O": 1.0}, "pairs": [], "hmean": 0, "detDontCare": [], "recall": 0, "detPolPoints": [], "recallMat": [[-1.727233711018889e-77]], "gtDontCare": []}