{"evaluationLog": "GT rectangles: 1\nDET rectangles: 2\nFind one-to-one matches\nMatch GT #0 with Det #0\nFind one-to-many matches\nFind many-to-one matches\nRecall = 1.0\nPrecision = 0.5\n", "precision": 0.5, "gtPolPoints": [[22.0, 109.0, 79.0, 187.0]], "precisionMat": [[0.9587779870265746, 0.0]], "evaluationParams": {"AREA_PRECISION_CONSTRAINT": 0.4, "GT_SAMPLE_NAME_2_ID": "gt_img_([0-9]+).txt", "DET_SAMPLE_NAME_2_ID": "res_img_([0-9]+).txt", "CRLF": false, "EV_PARAM_IND_CENTER_DIFF_THR": 1, "MTYPE_OM_M": 1.0, "AREA_RECALL_CONSTRAINT": 0.5, "MTYPE_OM_O": 0.8, "MTYPE_OO_O": 1.0}, "pairs": [{"type": "OO", "gt": 0, "det": 0}], "hmean": 0.6666666666666666, "detDontCare": [], "recall": 1.0, "detPolPoints": [[22.0, 107.0, 80.0, 187.0], [179.0, 365.0, 225.0, 427.0]], "recallMat": [[1.0, 0.0]], "gtDontCare": []}