{"evaluationLog": "GT rectangles: 3\nDET rectangles: 3\nFind one-to-one matches\nMatch GT #0 with Det #1\nMatch GT #1 with Det #2\nMatch GT #2 with Det #0\nFind one-to-many matches\nFind many-to-one matches\nRecall = 1.0\nPrecision = 1.0\n", "precision": 1.0, "gtPolPoints": [[130.0, 28.0, 148.0, 51.0], [161.0, 38.0, 172.0, 53.0], [194.0, 37.0, 209.0, 57.0]], "precisionMat": [[0.0, 0.95, 0.0], [0.0, 0.0, 0.9375], [0.9411764705882353, 0.0, 0.0]], "evaluationParams": {"AREA_PRECISION_CONSTRAINT": 0.4, "GT_SAMPLE_NAME_2_ID": "gt_img_([0-9]+).txt", "DET_SAMPLE_NAME_2_ID": "res_img_([0-9]+).txt", "CRLF": false, "EV_PARAM_IND_CENTER_DIFF_THR": 1, "MTYPE_OM_M": 1.0, "AREA_RECALL_CONSTRAINT": 0.5, "MTYPE_OM_O": 0.8, "MTYPE_OO_O": 1.0}, "pairs": [{"type": "OO", "gt": 0, "det": 1}, {"type": "OO", "gt": 1, "det": 2}, {"type": "OO", "gt": 2, "det": 0}], "hmean": 1.0, "detDontCare": [], "recall": 1.0, "detPolPoints": [[194.0, 38.0, 210.0, 57.0], [130.0, 28.0, 149.0, 51.0], [161.0, 39.0, 172.0, 54.0]], "recallMat": [[0.0, 1.0, 0.0], [0.0, 0.0, 0.9375], [0.9523809523809523, 0.0, 0.0]], "gtDontCare": []}