{"evaluationLog": "GT rectangles: 1\nDET rectangles: 3\nFind one-to-one matches\nMatch GT #0 with Det #0\nFind one-to-many matches\nFind many-to-one matches\nRecall = 1.0\nPrecision = 0.333333333333\n", "precision": 0.3333333333333333, "gtPolPoints": [[61.0, 66.0, 110.0, 135.0]], "precisionMat": [[0.9705882352941176, 0.0625, 0.0]], "evaluationParams": {"AREA_PRECISION_CONSTRAINT": 0.4, "GT_SAMPLE_NAME_2_ID": "gt_img_([0-9]+).txt", "DET_SAMPLE_NAME_2_ID": "res_img_([0-9]+).txt", "CRLF": false, "EV_PARAM_IND_CENTER_DIFF_THR": 1, "MTYPE_OM_M": 1.0, "AREA_RECALL_CONSTRAINT": 0.5, "MTYPE_OM_O": 0.8, "MTYPE_OO_O": 1.0}, "pairs": [{"type": "OO", "gt": 0, "det": 0}], "hmean": 0.5, "detDontCare": [], "recall": 1.0, "detPolPoints": [[64.0, 70.0, 110.0, 137.0], [110.0, 93.0, 125.0, 106.0], [176.0, 207.0, 188.0, 230.0]], "recallMat": [[0.8862857142857142, 0.004, 0.0]], "gtDontCare": []}