{"evaluationLog": "GT rectangles: 2\nDET rectangles: 1\nFind one-to-one matches\nMatch GT #0 with Det #0\nFind one-to-many matches\nFind many-to-one matches\nRecall = 0.5\nPrecision = 1.0\n", "precision": 1.0, "gtPolPoints": [[211.0, 306.0, 279.0, 414.0], [65.0, 347.0, 106.0, 425.0]], "precisionMat": [[0.8873239436619719], [0.0]], "evaluationParams": {"AREA_PRECISION_CONSTRAINT": 0.4, "GT_SAMPLE_NAME_2_ID": "gt_img_([0-9]+).txt", "DET_SAMPLE_NAME_2_ID": "res_img_([0-9]+).txt", "CRLF": false, "EV_PARAM_IND_CENTER_DIFF_THR": 1, "MTYPE_OM_M": 1.0, "AREA_RECALL_CONSTRAINT": 0.5, "MTYPE_OM_O": 0.8, "MTYPE_OO_O": 1.0}, "pairs": [{"type": "OO", "gt": 0, "det": 0}], "hmean": 0.6666666666666666, "detDontCare": [], "recall": 0.5, "detPolPoints": [[217.0, 315.0, 287.0, 407.0]], "recallMat": [[0.7790187475069804], [0.0]], "gtDontCare": []}