{"evaluationLog": "GT rectangles: 1\nDET rectangles: 2\nFind one-to-one matches\nMatch GT #0 with Det #0\nFind one-to-many matches\nFind many-to-one matches\nRecall = 1.0\nPrecision = 0.5\n", "precision": 0.5, "gtPolPoints": [[100.0, 216.0, 218.0, 342.0]], "precisionMat": [[0.9752066115702479, 0.0]], "evaluationParams": {"AREA_PRECISION_CONSTRAINT": 0.4, "GT_SAMPLE_NAME_2_ID": "gt_img_([0-9]+).txt", "DET_SAMPLE_NAME_2_ID": "res_img_([0-9]+).txt", "CRLF": false, "EV_PARAM_IND_CENTER_DIFF_THR": 1, "MTYPE_OM_M": 1.0, "AREA_RECALL_CONSTRAINT": 0.5, "MTYPE_OM_O": 0.8, "MTYPE_OO_O": 1.0}, "pairs": [{"type": "OO", "gt": 0, "det": 0}], "hmean": 0.6666666666666666, "detDontCare": [], "recall": 1.0, "detPolPoints": [[97.0, 232.0, 217.0, 337.0], [152.0, 356.0, 219.0, 452.0]], "recallMat": [[0.8276318401376298, 0.0]], "gtDontCare": []}