{"evaluationLog": "GT rectangles: 4\nDET rectangles: 4\nFind one-to-one matches\nMatch GT #0 with Det #0\nMatch GT #1 with Det #2\nMatch GT #2 with Det #1\nMatch GT #3 with Det #3\nFind one-to-many matches\nFind many-to-one matches\nRecall = 1.0\nPrecision = 1.0\n", "precision": 1.0, "gtPolPoints": [[11.0, 120.0, 56.0, 185.0], [75.0, 133.0, 88.0, 149.0], [90.0, 97.0, 188.0, 237.0], [83.0, 149.0, 91.0, 165.0]], "precisionMat": [[1.0, 0.0, 0.0, 0.0], [0.0, 0.01001001001001001, 0.859375, 0.0], [0.0, 0.821939586645469, 0.0, 0.2222222222222222], [0.0, 0.009009009009009009, 0.03125, 0.8888888888888888]], "evaluationParams": {"AREA_PRECISION_CONSTRAINT": 0.4, "GT_SAMPLE_NAME_2_ID": "gt_img_([0-9]+).txt", "DET_SAMPLE_NAME_2_ID": "res_img_([0-9]+).txt", "CRLF": false, "EV_PARAM_IND_CENTER_DIFF_THR": 1, "MTYPE_OM_M": 1.0, "AREA_RECALL_CONSTRAINT": 0.5, "MTYPE_OM_O": 0.8, "MTYPE_OO_O": 1.0}, "pairs": [{"type": "OO", "gt": 0, "det": 0}, {"type": "OO", "gt": 1, "det": 2}, {"type": "OO", "gt": 2, "det": 1}, {"type": "OO", "gt": 3, "det": 3}], "hmean": 1.0, "detDontCare": [], "recall": 1.0, "detPolPoints": [[12.0, 124.0, 56.0, 185.0], [79.0, 90.0, 189.0, 242.0], [74.0, 135.0, 85.0, 150.0], [83.0, 150.0, 91.0, 167.0]], "recallMat": [[0.9189723320158103, 0.0, 0.0, 0.0], [0.0, 0.7142857142857143, 0.6932773109243697, 0.0], [0.0, 1.0, 0.0, 0.0025789813023855577], [0.0, 1.0, 0.0392156862745098, 0.9411764705882353]], "gtDontCare": []}