{"evaluationLog": "GT rectangles: 1\nDET rectangles: 2\nFind one-to-one matches\nMatch GT #0 with Det #0\nFind one-to-many matches\nFind many-to-one matches\nRecall = 1.0\nPrecision = 0.5\n", "precision": 0.5, "gtPolPoints": [[253.0, 256.0, 365.0, 407.0]], "precisionMat": [[0.8690203770295304, 0.0]], "evaluationParams": {"AREA_PRECISION_CONSTRAINT": 0.4, "GT_SAMPLE_NAME_2_ID": "gt_img_([0-9]+).txt", "DET_SAMPLE_NAME_2_ID": "res_img_([0-9]+).txt", "CRLF": false, "EV_PARAM_IND_CENTER_DIFF_THR": 1, "MTYPE_OM_M": 1.0, "AREA_RECALL_CONSTRAINT": 0.5, "MTYPE_OM_O": 0.8, "MTYPE_OO_O": 1.0}, "pairs": [{"type": "OO", "gt": 0, "det": 0}], "hmean": 0.6666666666666666, "detDontCare": [], "recall": 1.0, "detPolPoints": [[249.0, 240.0, 362.0, 400.0], [321.0, 54.0, 424.0, 222.0]], "recallMat": [[0.9286213320912902, 0.0]], "gtDontCare": []}